{"loss/train":5.334149360656738,"_timestamp":1.7426682010236897e+09,"mfu":0.002037724773059153,"_step":2000,"_wandb":{"runtime":1485},"tokens":2048000,"iter":2000,"lr":0,"_runtime":1485.1497017,"loss/val":5.3297929763793945}