{"_step":2000,"_timestamp":1.7426565121731596e+09,"tokens":2048000,"loss/train":5.2684550285339355,"lr":0,"_runtime":1580.0582266,"iter":2000,"mfu":0.0018957876479690223,"_wandb":{"runtime":1580},"loss/val":5.266226768493652}