{"mfu":0.0020929772798548275,"_step":2000,"loss/val":5.331353664398193,"_runtime":1545.7985861,"_wandb":{"runtime":1545},"_timestamp":1.7426699612537122e+09,"iter":2000,"loss/train":5.335676193237305,"tokens":2048000,"lr":0}